Category,Link
Cooking,https://www.youtube.com/watch?v=0gCZ0ilKsA8
Cooking,https://www.youtube.com/watch?v=ZgmijdM4q_s&t=2266s
Cooking,https://www.youtube.com/watch?v=G-2YVb_nPPM
Cooking,https://www.youtube.com/watch?v=pMH21I782IM
Cooking,https://www.youtube.com/watch?v=jD9VJ92xyzA
Cooking,https://www.youtube.com/watch?v=HPWEMZwxKjo
Cooking,https://www.youtube.com/watch?v=NEL-m2zQIPQ
Cooking,https://www.youtube.com/watch?v=mZpFVNrWa74
Cooking,https://www.youtube.com/watch?v=8uZbWXL2wa4
Cooking,https://www.youtube.com/watch?v=OUqADDqLUso
Eating,https://www.youtube.com/watch?v=ZYzbhIDab_4
Eating,https://www.youtube.com/watch?v=OtX1eXe9tNA
Eating,https://www.youtube.com/watch?v=nO-CzOmfnNE
Eating,https://www.youtube.com/watch?v=6ZaiQqFDsoQ
Eating,https://www.youtube.com/watch?v=YpF73EL9rOY
Eating,https://www.youtube.com/watch?v=EfiCG_R6INY
Eating,https://www.youtube.com/watch?v=ohqoeXIxuj8
Eating,https://www.youtube.com/watch?v=eASu0Rj3Sow
Eating,https://www.youtube.com/watch?v=14UIXG8LdbE
Eating,https://www.youtube.com/watch?v=QuTE12qGmz8
Eating,https://www.youtube.com/watch?v=GdTvQlpWPys&t=4s
Eating,https://www.youtube.com/watch?v=SlskTqc9CEc
Sleeping,https://www.youtube.com/watch?v=MzacAdBsEc4
Sleeping,https://www.youtube.com/watch?v=12tUN12G8hY
Sleeping,https://www.youtube.com/watch?v=ETKL_FlDCxs
Sleeping,https://www.youtube.com/watch?v=AgKmOtk6l7I
Lounging,https://www.youtube.com/watch?v=kyg-iF8ST7c
Lounging,https://www.youtube.com/watch?v=04S5jsDLMHM
Lounging,https://www.youtube.com/watch?v=jmWoj5F0kro
Lounging,https://www.youtube.com/watch?v=f6ElF4ufd0w
Lounging,https://www.youtube.com/watch?v=6wqvTUw7yLw
Lounging,https://www.youtube.com/watch?v=_eosX8Otb_c
Lounging,https://www.youtube.com/watch?v=epxhN9x_pRw
Lounging,https://www.youtube.com/watch?v=oFKuUF0QHOI
Working,https://www.youtube.com/watch?v=1VOWybJxQz0
Working,https://www.youtube.com/watch?v=8CM6lpWQKBs
Working,https://www.youtube.com/watch?v=HFUrbHUzDik
Working,https://www.youtube.com/watch?v=pRKGH8soIbk